{
  "nady-benchmark-api": {
    "cpu_min": 1.89,
    "cpu_max": 96.74,
    "cpu_mean": 48.350833333333334,
    "mem_min_mib": 93.46,
    "mem_max_mib": 109.4,
    "mem_mean_mib": 106.84884259259259,
    "samples": 216
  },
  "nady-benchmark-db": {
    "cpu_min": 0.0,
    "cpu_max": 12.96,
    "cpu_mean": 2.0277314814814815,
    "mem_min_mib": 37.05,
    "mem_max_mib": 58.12,
    "mem_mean_mib": 54.04578703703704,
    "samples": 216
  }
}